{"cameraMode":{"drawMode":0,"name":"Shaded","section":"Shading Mode"},"sceneLighting":false,"audioPlay":false,"sceneViewState":{"m_AlwaysRefresh":false,"showFog":true,"showSkybox":true,"showFlares":true,"showImageEffects":true,"showParticleSystems":true,"showVisualEffectGraphs":true,"m_FxEnabled":true},"in2DMode":false,"pivot":{"x":-2.703913927078247,"y":-0.2931396961212158,"z":-2.6181957721710207},"rotation":{"x":-0.21408233046531678,"y":0.16139304637908936,"z":-0.035886503756046298,"w":-0.9627287983894348},"size":0.8660253882408142,"orthographic":false}